{
    "totalFrames": 1800,
    "resolutionX": 1920,
    "resolutionY": 1570,
    "frameRate": 30,
    "segmentLength": 1,
    "segmentAmount": 60,
    "perspective" : [
        2052.4996722896394,
        1931.3446315104563,
        606.1065441056596,
        235.6348917346027
    ],
    "lfs" : [ 0, 0, 0 ],
    "rotation" : [0, 0, 0] 
}
